surrogate,asr_to_E,asr_to_R,asr_to_D,asr_to_S
E,,0.805714,0.384286,0.954286
R,0.850000,,0.430000,0.965714
D,0.624286,0.774286,,0.962857
S,0.611429,0.650000,0.370000,
